class,name,nickname,category,subcategory,project,project_dir,source,guid,kind,exposure,obsolete,current_icon,icon_holder,object,op,plural,container,glyph_origin,badge_origin,rule,note,icon_id,resource,icon_file,status
GooMultitaskerOutputParam,MultitaskerOutput,MultitaskerOutput,Params,SAM,SAM.Core.Grasshopper.Multitasker,Grasshopper/SAM.Core.Grasshopper.Multitasker,Grasshopper/SAM.Core.Grasshopper.Multitasker/Classes/GooMultitaskerOutput.cs,cfc14cb0-df0a-4774-858a-7a652551b3bb,param,,False,SAM_Small,Resources,result,,False,,SAM,,param:MultitaskerOutput,,result,SAM_GH_Result,svg/result.svg,integrated
GooScriptParam,Script,Script,Params,SAM,SAM.Core.Grasshopper.Multitasker,Grasshopper/SAM.Core.Grasshopper.Multitasker,Grasshopper/SAM.Core.Grasshopper.Multitasker/Classes/GooScript.cs,400a16f6-a61d-4848-a9d6-6f0ade098ba3,param,,False,SAM_Small,Resources,script,,False,,SAM-BIM ext v1,,param:Script,,script,SAM_GH_Script,svg/script.svg,integrated
SAMMultitaskerDefaultScripts,SAMMultitasker.DefaultScripts,SAMMultitasker.DefaultScripts,SAM WIP,Multitasker,SAM.Core.Grasshopper.Multitasker,Grasshopper/SAM.Core.Grasshopper.Multitasker,Grasshopper/SAM.Core.Grasshopper.Multitasker/Component/SAMMultitaskerDefaultScripts.cs,97d3d237-ec7b-421e-913c-0a692a244980,component,GH_Exposure.secondary,False,SAM_Small,Resources,script,get,False,library,SAM-BIM ext v1,SAM,override,,script_library_get,SAM_GH_ScriptLibraryGet,svg/script_library_get.svg,integrated
GooMultitaskerVariableParam,MultitaskerVariable,MultitaskerVariable,Params,SAM,SAM.Core.Grasshopper.Multitasker,Grasshopper/SAM.Core.Grasshopper.Multitasker,Grasshopper/SAM.Core.Grasshopper.Multitasker/Classes/GooMultitaskerVariable.cs,e2a46e73-b05f-427a-9c51-f6340f9fd98f,param,,False,SAM_Small,Resources,settings,,False,,SAM,,param:MultitaskerVariable,,settings,SAM_GH_Settings,svg/settings.svg,integrated
SAMMultitaskerMultitaskerVariable,SAMMultitasker.MultitaskerVariable,SAMMultitasker.MultitaskerVariable,SAM WIP,Multitasker,SAM.Core.Grasshopper.Multitasker,Grasshopper/SAM.Core.Grasshopper.Multitasker,Grasshopper/SAM.Core.Grasshopper.Multitasker/Component/SAMMultitaskerMultitaskerVariable.cs,5f36773d-521b-489c-86e5-25719c8346f0,component,GH_Exposure.secondary,False,SAM_Small,Resources,settings,create,False,,SAM,SAM,override,multitasker variable (varied setting),settings_create,SAM_GH_SettingsCreate,svg/settings_create.svg,integrated
SAMMultitaskerRun,SAMMultitasker.Run,SAMMultitasker.Run,SAM WIP,Multitasker,SAM.Core.Grasshopper.Multitasker,Grasshopper/SAM.Core.Grasshopper.Multitasker,Grasshopper/SAM.Core.Grasshopper.Multitasker/Component/SAMMultitaskerRun.cs,f2fa4316-2d2c-426c-ab5f-efeb65c72456,component,GH_Exposure.secondary,False,SAM_Small,Resources,tasks,run,False,,SAM-BIM ext v1,SAM-BIM ext v1,override,,tasks_run,SAM_GH_TasksRun,svg/tasks_run.svg,integrated
SAMMultitaskerMultitaskerMode,SAMMultitasker.MultitaskerMode,SAMMultitasker.MultitaskerMode,SAM WIP,Multitasker,SAM.Core.Grasshopper.Multitasker,Grasshopper/SAM.Core.Grasshopper.Multitasker,Grasshopper/SAM.Core.Grasshopper.Multitasker/Component/SAMMultitaskerMultitaskerMode.cs,1fd108c6-a6bf-478e-9a96-4604040801c6,component,,False,SAM_Small,Resources,tasks,value,False,,SAM-BIM ext v1,SAM,rule,,tasks_value,SAM_GH_TasksValue,svg/tasks_value.svg,integrated
GooMultitaskerInputParam,MultitaskerInput,MultitaskerInput,Params,SAM,SAM.Core.Grasshopper.Multitasker,Grasshopper/SAM.Core.Grasshopper.Multitasker,Grasshopper/SAM.Core.Grasshopper.Multitasker/Classes/GooMultitaskerInput.cs,fdac916f-3e4f-4df6-8029-ea950823b4e8,param,,False,SAM_Small,Resources,value,,False,,SAM,,param:MultitaskerInput,,value,SAM_GH_Value,svg/value.svg,integrated
SAMMultitaskerMultitaskerInput,SAMMultitasker.MultitaskerInput,SAMMultitasker.MultitaskerInput,SAM WIP,Multitasker,SAM.Core.Grasshopper.Multitasker,Grasshopper/SAM.Core.Grasshopper.Multitasker,Grasshopper/SAM.Core.Grasshopper.Multitasker/Component/SAMMultitaskerMultitaskerInput.cs,14c83218-ad03-48b4-8e1f-e24bc371be6b,component,GH_Exposure.secondary,False,SAM_Small,Resources,value,create,False,,SAM,SAM,override,multitasker input,value_create,SAM_GH_ValueCreate,svg/value_create.svg,integrated
